variant,rsid,PvalPRISM,FullPleio,SynthPleio,PvalGWAS
12:57428353:A:G,rs703848,6.88259857689177e-10,V:1200,Vertical Pleiotropy,5.75817e-08
12:57502981:C:T,rs324012,6.88259857689177e-10,U:30000_irnt:30250_irnt:30750_irnt:30830_irnt:48_irnt:1528,Confounder Pleiotropy,1.37988e-08
12:57511734:T:C,rs12312693,1.12222482256388e-10,U:30000_irnt:30250_irnt:30830_irnt:30880_irnt:48_irnt:1528,Confounder Pleiotropy,1.1069e-08
12:57512875:C:G,rs11172106,1.12222482256388e-10,U:30000_irnt:30250_irnt:30830_irnt:30880_irnt:48_irnt:1528,Confounder Pleiotropy,1.13526e-08
12:57513866:A:G,rs12322902,2.05139952334092e-12,U:20002_1111:30000_irnt:30250_irnt:30830_irnt:30880_irnt:48_irnt:1488_irnt:1528,Confounder Pleiotropy,3.36092e-09
12:57514554:T:C,rs10876963,2.05139952334092e-12,U:20002_1111:30000_irnt:30250_irnt:30830_irnt:30880_irnt:48_irnt:1488_irnt:1528,Confounder Pleiotropy,3.31743e-09
12:57515363:A:G,rs12298170,2.05139952334092e-12,U:20002_1111:30000_irnt:30250_irnt:30830_irnt:30880_irnt:48_irnt:1488_irnt:1528,Confounder Pleiotropy,3.65701e-09
12:57515804:T:G,rs11172111,2.05139952334092e-12,U:20002_1111:30000_irnt:30250_irnt:30830_irnt:30880_irnt:48_irnt:1488_irnt:1528,Confounder Pleiotropy,3.71546e-09
12:57519694:G:C,rs10467124,1.12222482256388e-10,U:20002_1111:30000_irnt:30250_irnt:30830_irnt:30880_irnt:48_irnt:1488_irnt:1528,Confounder Pleiotropy,5.67596e-09
12:57525756:G:A,rs4759275,1.12222482256388e-10,U:20002_1111:30000_irnt:30250_irnt:30830_irnt:30880_irnt:48_irnt:1528,Confounder Pleiotropy,1.25824e-08
12:57526646:G:A,rs4759276,1.5573734115466e-15,U:20002_1111:30000_irnt:30250_irnt:48_irnt:1528,Confounder Pleiotropy,4.63063e-09
12:57527283:T:C,rs11172113,1.62162530175899e-11,U:20002_1111:1528,Confounder Pleiotropy,2.18089e-08
15:64441036:C:T,rs35561890,6.88259857689177e-10,V:6138_1,Vertical Pleiotropy,4.91414e-08
4:42134066:C:T,rs6447132,2.05139952334092e-12,V:6138_1,Vertical Pleiotropy,1.21391e-07
4:42137653:G:A,rs28450747,2.05139952334092e-12,V:6138_1,Vertical Pleiotropy,1.04494e-07
4:42139132:A:G,rs9291211,2.23676491824948e-13,E:6155_100,Direct Effect,8.13407e-08
4:42140067:A:G,rs35934072,6.88259857689177e-10,V:6138_1:1468_4,Vertical Pleiotropy,3.71987e-07
4:42140673:A:C,rs34285999,6.88259857689177e-10,V:6138_1:1468_4,Vertical Pleiotropy,3.93652e-07
4:42141671:A:G,rs10222863,6.88259857689177e-10,V:6138_1:1468_4,Vertical Pleiotropy,4.38137e-07
4:42143711:C:T,rs13139615,6.88259857689177e-10,V:6138_1:1468_4,Vertical Pleiotropy,4.28774e-07
4:42144966:A:G,rs10022087,6.88259857689177e-10,V:6138_1:1468_4,Vertical Pleiotropy,4.37494e-07
4:42146657:T:C,rs6848386,1.12222482256388e-10,E:6155_100,Direct Effect,1.9196e-07
4:42150213:C:G,rs6856819,2.23676491824948e-13,E:6155_100,Direct Effect,5.36693e-08
4:42150774:A:G,rs4861023,2.23676491824948e-13,E:6155_100,Direct Effect,1.00441e-07
4:42151112:G:A,rs35002082,2.05139952334092e-12,V:1468_4,Vertical Pleiotropy,7.54646e-08
4:42151306:C:G,rs4501255,2.05961549898381e-14,E:6155_100,Direct Effect,4.96674e-08
4:42152550:A:G,rs4861024,2.05961549898381e-14,E:6155_100,Direct Effect,4.12758e-08
4:42152768:G:C,rs6821766,2.05961549898381e-14,E:6155_100,Direct Effect,3.93192e-08
4:42153259:G:A,rs3923787,1.5573734115466e-15,V:1468_4,Vertical Pleiotropy,4.77063e-08
4:42155174:T:A,rs4449446,2.05961549898381e-14,E:6155_100,Direct Effect,2.11682e-08
4:42161219:G:T,rs6846068,6.88259857689177e-10,V:6138_1,Vertical Pleiotropy,1.55553e-07
4:42161220:C:T,rs6847469,6.88259857689177e-10,V:6138_1,Vertical Pleiotropy,1.96289e-07
4:42168376:C:G,rs6447135,2.05961549898381e-14,U:1528,Confounder Pleiotropy,2.31005e-08
4:42168475:A:G,rs6447136,2.05961549898381e-14,U:1528,Confounder Pleiotropy,2.28544e-08
4:42170528:C:T,rs6824864,2.23676491824948e-13,U:1528,Confounder Pleiotropy,4.60478e-08
4:42171073:T:C,rs6447137,2.23676491824948e-13,U:1528,Confounder Pleiotropy,5.23936e-08
4:42172309:C:T,rs7680715,2.05139952334092e-12,U:1528,Confounder Pleiotropy,5.51908e-08
4:42172345:T:C,rs7663277,2.23676491824948e-13,U:1528,Confounder Pleiotropy,5.17663e-08
4:42174360:A:C,rs28699246,1.12222482256388e-10,V:6138_1:1468_4,Vertical Pleiotropy,1.40212e-07
4:42176060:T:C,rs6846961,2.05139952334092e-12,U:1528,Confounder Pleiotropy,6.46261e-08
4:42176756:T:C,rs28550520,6.88259857689177e-10,V:6138_1,Vertical Pleiotropy,1.85857e-07
4:42178794:C:A,rs78453216,6.88259857689177e-10,V:6138_1:1468_4,Vertical Pleiotropy,1.99657e-07
4:42181234:G:A,rs9683496,1.12222482256388e-10,V:6138_1,Vertical Pleiotropy,1.51125e-07
4:42181259:A:G,rs9685575,1.12222482256388e-10,V:6138_1,Vertical Pleiotropy,1.51048e-07
4:42181379:A:G,rs9685580,1.62162530175899e-11,E:6155_100,Direct Effect,1.33358e-07
4:42181420:C:T,rs28540481,1.62162530175899e-11,E:6155_100,Direct Effect,1.33357e-07
4:42181715:G:T,rs28516477,1.62162530175899e-11,E:6155_100,Direct Effect,1.32016e-07
4:42181863:G:A,rs28654579,1.62162530175899e-11,E:6155_100,Direct Effect,1.24351e-07
4:42182192:C:G,rs28489538,1.12222482256388e-10,E:6155_100,Direct Effect,1.39342e-07
4:42182339:A:G,rs28704063,1.62162530175899e-11,E:6155_100,Direct Effect,1.34211e-07
4:42182370:G:A,rs28373948,1.62162530175899e-11,E:6155_100,Direct Effect,1.36169e-07
4:42182381:T:C,rs28622982,1.62162530175899e-11,E:6155_100,Direct Effect,1.36281e-07
4:42183596:G:A,rs6827980,1.62162530175899e-11,E:6155_100,Direct Effect,1.25653e-07
4:42183924:T:G,rs6811958,1.62162530175899e-11,E:6155_100,Direct Effect,1.2238e-07
4:42184075:A:T,rs6811929,1.62162530175899e-11,E:6155_100,Direct Effect,1.24505e-07
4:42184101:A:G,rs34889764,1.12222482256388e-10,V:6138_1:1468_4,Vertical Pleiotropy,1.4884e-07
4:42184265:G:A,rs36090000,1.62162530175899e-11,E:6155_100,Direct Effect,1.25901e-07
4:42184345:T:G,rs35008413,1.62162530175899e-11,E:6155_100,Direct Effect,1.28189e-07
4:42184709:A:G,rs6813187,1.62162530175899e-11,E:6155_100,Direct Effect,1.15536e-07
4:42184761:A:G,rs6813352,1.62162530175899e-11,E:6155_100,Direct Effect,1.1207e-07
4:42184789:A:G,rs6813373,1.62162530175899e-11,V:6138_1,Vertical Pleiotropy,1.31698e-07
4:42184829:A:G,rs6813397,1.62162530175899e-11,E:6155_100,Direct Effect,1.23802e-07
4:42185221:A:C,rs6818930,1.12222482256388e-10,V:6138_1,Vertical Pleiotropy,1.32406e-07
4:42185329:G:A,rs10004736,1.12222482256388e-10,E:6155_100,Direct Effect,1.15908e-07
4:42185424:C:A,rs6842859,1.12222482256388e-10,V:6138_1,Vertical Pleiotropy,1.32713e-07
4:42185438:G:A,rs6447138,1.12222482256388e-10,V:6138_1:1468_4,Vertical Pleiotropy,1.49346e-07
4:42185639:G:A,rs6447140,6.88259857689177e-10,V:6138_1:1468_4,Vertical Pleiotropy,2.06578e-07
5:105029816:G:A,rs77583545,2.05139952334092e-12,E:6155_100,Direct Effect,9.79477e-08
5:105031008:A:G,rs1904833,2.05139952334092e-12,E:6155_100,Direct Effect,1.05309e-07
5:105033552:C:T,rs11956652,2.05139952334092e-12,E:6155_100,Direct Effect,8.50864e-08
5:105036299:G:A,rs77092586,2.05139952334092e-12,U:1528,Confounder Pleiotropy,7.56546e-08
5:105036686:G:A,rs76923089,2.05139952334092e-12,U:1528,Confounder Pleiotropy,6.90723e-08
5:105038168:A:C,rs79143173,2.05139952334092e-12,U:1528,Confounder Pleiotropy,7.29268e-08
5:105038508:T:G,rs79944129,2.05139952334092e-12,E:6155_100,Direct Effect,7.44977e-08
5:105043324:G:A,rs76687059,2.05139952334092e-12,U:1528,Confounder Pleiotropy,6.0359e-08
5:105044865:A:G,rs76457038,2.05139952334092e-12,U:1528,Confounder Pleiotropy,7.77615e-08
5:105045816:T:C,rs78304968,1.62162530175899e-11,E:6155_100,Direct Effect,1.22578e-07
5:105049371:T:C,rs79918477,1.62162530175899e-11,E:6155_100,Direct Effect,1.07671e-07
5:105050037:T:C,rs78162726,1.62162530175899e-11,E:6155_100,Direct Effect,1.31665e-07
5:105054820:C:G,rs11953300,2.05139952334092e-12,E:6155_100,Direct Effect,1.00937e-07
5:105059415:A:G,rs79902584,2.05139952334092e-12,E:6155_100,Direct Effect,8.26925e-08
6:26262063:G:T,rs9358914,1.12222482256388e-10,V:6138_1:1468_4,Vertical Pleiotropy,8.5701e-08
6:26265200:G:A,rs12661552,2.23676491824948e-13,V:6138_1:1468_4,Vertical Pleiotropy,5.6223e-09
6:26272829:T:C,rs9393691,2.23676491824948e-13,V:6138_1:1468_4,Vertical Pleiotropy,1.19618e-08
6:26275649:T:C,rs12665035,6.88259857689177e-10,V:6138_1:1468_4,Vertical Pleiotropy,9.09383e-08
6:26283185:G:A,rs9358916,2.05139952334092e-12,V:6138_1:1468_4,Vertical Pleiotropy,1.41477e-08
6:26286468:T:C,rs56763414,1.12222482256388e-10,V:6138_1:1468_4,Vertical Pleiotropy,8.79008e-08
6:26286744:C:T,rs9358918,1.12222482256388e-10,V:6138_1:1468_4,Vertical Pleiotropy,1.65161e-08
6:26288055:G:A,rs10946810,6.88259857689177e-10,V:6138_1:1468_4,Vertical Pleiotropy,1.02903e-07
6:26289310:T:C,rs9379842,2.05139952334092e-12,V:6138_1:1468_4,Vertical Pleiotropy,1.41762e-08
6:26291527:G:A,rs9379844,2.05139952334092e-12,V:6138_1:1468_4,Vertical Pleiotropy,1.40428e-08
6:26291601:C:T,rs9379845,6.88259857689177e-10,V:6138_1:1468_4,Vertical Pleiotropy,1.06369e-07
6:26292029:C:T,rs9358920,1.12222482256388e-10,V:6138_1:1468_4,Vertical Pleiotropy,1.495e-08
6:26293014:A:T,rs6908402,1.12222482256388e-10,V:6138_1:1468_4,Vertical Pleiotropy,2.23589e-08
6:26293841:C:T,rs9393697,1.12222482256388e-10,V:6138_1:1468_4,Vertical Pleiotropy,1.70246e-08
6:26295686:G:A,rs2893820,1.62162530175899e-11,V:6138_1:1468_4,Vertical Pleiotropy,8.00345e-09
6:26297392:G:A,rs61324092,1.62162530175899e-11,V:6138_1:1468_4,Vertical Pleiotropy,8.43458e-09
6:26298538:G:A,rs1987244,1.62162530175899e-11,V:6138_1:1468_4,Vertical Pleiotropy,7.80942e-09
6:26301919:A:T,rs725575,1.62162530175899e-11,V:6138_1:1468_4,Vertical Pleiotropy,7.6611e-09
6:26303178:T:G,rs1883213,1.62162530175899e-11,V:6138_1:1468_4,Vertical Pleiotropy,8.19032e-09
6:26305503:T:C,rs62394764,1.62162530175899e-11,V:6138_1:1468_4,Vertical Pleiotropy,8.87752e-09
6:26305623:C:T,rs61534839,6.88259857689177e-10,V:6138_1:1468_4,Vertical Pleiotropy,1.38474e-07
6:26306282:T:C,rs9366648,1.62162530175899e-11,V:6138_1:1468_4,Vertical Pleiotropy,9.03055e-09
6:26314238:G:C,rs9379846,1.62162530175899e-11,V:6138_1:1468_4,Vertical Pleiotropy,7.39094e-09
6:26317384:C:T,rs12660432,1.62162530175899e-11,V:6138_1:1468_4,Vertical Pleiotropy,8.58745e-09
6:26318799:C:A,rs17608582,1.62162530175899e-11,V:6138_1:1468_4,Vertical Pleiotropy,8.72913e-09
6:26322473:G:A,rs9358924,6.88259857689177e-10,V:6138_1:1468_4,Vertical Pleiotropy,1.19128e-07
6:26322768:C:G,rs9358925,1.62162530175899e-11,V:6138_1:1468_4,Vertical Pleiotropy,8.0474e-09
6:26323132:C:G,rs9358926,6.88259857689177e-10,V:6138_1:1468_4,Vertical Pleiotropy,1.30627e-07
6:26326033:C:T,rs62394768,1.62162530175899e-11,V:6138_1:1468_4,Vertical Pleiotropy,8.89648e-09
6:26326182:C:T,rs62394769,6.88259857689177e-10,V:6138_1:1468_4,Vertical Pleiotropy,1.47044e-07
6:26327965:T:G,rs6918325,1.62162530175899e-11,V:6138_1:1468_4,Vertical Pleiotropy,8.80422e-09
6:26336300:T:C,rs989133,2.05139952334092e-12,V:6138_1:1468_4,Vertical Pleiotropy,2.23354e-08
6:26337264:G:A,rs7755741,1.62162530175899e-11,V:6138_1:1468_4,Vertical Pleiotropy,7.27559e-08
6:26338434:T:G,rs2893842,1.62162530175899e-11,V:6138_1:1468_4,Vertical Pleiotropy,5.40061e-08
6:26338538:T:G,rs2393649,1.62162530175899e-11,V:6138_1:1468_4,Vertical Pleiotropy,4.62033e-08
8:65446330:C:T,rs12056827,2.23676491824948e-13,U:1558:30630_irnt:30850_irnt:48_irnt:1528,Confounder Pleiotropy,1.2038e-08
8:65446429:T:C,rs10957316,2.23676491824948e-13,U:1558:30630_irnt:30850_irnt:48_irnt:1528,Confounder Pleiotropy,1.17079e-08
8:65446636:T:G,rs7012569,2.23676491824948e-13,U:1558:30630_irnt:30850_irnt:48_irnt:1528,Confounder Pleiotropy,1.27703e-08
8:65446638:A:C,rs6992228,2.23676491824948e-13,U:1558:30630_irnt:30850_irnt:48_irnt:1528,Confounder Pleiotropy,1.05299e-08
8:65447831:A:C,rs1451863,2.23676491824948e-13,U:1558:30630_irnt:30850_irnt:48_irnt:1528,Confounder Pleiotropy,1.21549e-08
8:65449168:G:C,rs6472146,2.23676491824948e-13,U:1558:30630_irnt:30850_irnt:48_irnt:1528,Confounder Pleiotropy,1.18787e-08
8:65451171:C:T,rs16931298,2.23676491824948e-13,U:1558:30630_irnt:30850_irnt:48_irnt:1528,Confounder Pleiotropy,1.14282e-08
8:65453506:A:G,rs7831241,2.23676491824948e-13,U:1558:30630_irnt:30850_irnt:48_irnt:1528,Confounder Pleiotropy,1.24519e-08
8:65453835:C:A,rs62519798,2.23676491824948e-13,U:1558:30850_irnt:48_irnt:1528,Confounder Pleiotropy,1.39631e-08
8:65455203:A:T,rs62519799,2.23676491824948e-13,U:1558:30630_irnt:30850_irnt:48_irnt:1528,Confounder Pleiotropy,1.3213e-08
8:65455505:A:T,rs62519820,2.23676491824948e-13,U:1558:30630_irnt:30850_irnt:48_irnt:1528,Confounder Pleiotropy,1.34592e-08
8:65456240:G:A,rs16931302,2.23676491824948e-13,U:1558:30630_irnt:30850_irnt:48_irnt:1528,Confounder Pleiotropy,1.25086e-08
8:65456275:C:T,rs16931304,2.23676491824948e-13,U:1558:30630_irnt:30850_irnt:48_irnt:1528,Confounder Pleiotropy,1.24506e-08
8:65464495:G:A,rs62519821,6.88259857689177e-10,U:1528,Confounder Pleiotropy,2.7628e-08
